{
    "comment": "Number of pt bins is #ptedges - 1. Therefore #rebins = #ptedges -1",
    "#pi^{0}":
    {
        "ptedges": [0.2, 0.4, 0.8, 1.0, 1.2, 1.4, 1.6, 1.8, 2.0, 2.2, 2.4, 2.6, 2.8, 3.0, 3.2, 3.4, 3.6, 3.8, 4.0, 4.5, 5.0, 5.5, 6.0, 6.5, 7.0, 7.5, 8.0, 9.0, 10.0, 12.0, 15.0, 20.0],
        "rebins": [0, 0, 0, 0, 0, 0, 0, 0, 0, 0, 0, 0, 0, 0, 0, 0, 0, 0, 0, 0, 0, 0, 0, 0, 0, 0, 0, 5, 5, 5, 5]
    },
    "#eta":
    {
        "ptedges": [1.0, 1.4, 1.8, 2.2, 2.6, 3.0, 3.5, 4.0, 6.0, 8.0, 10.0, 15.0],
        "rebins": [5, 10, 5, 5, 3, 3, 3, 3, 3, 3, 5]
    },
    "test_bins": [
            [0.25454095, 0.54109126, 0.74995238, 0.8268401 , 0.87748879, 0.90984237, 0.93870056, 0.95224857, 0.95786738, 0.97117543, 0.97653419, 0.98144579, 0.98032266, 0.97269917, 0.98690146, 0.98866153, 0.9883725 , 0.99349034, 0.97971541, 0.99458361, 0.98327738, 0.95310318, 0.96250117, 0.90848911, 0.76453388, 0.6751371, 0.60613894, 0.55413765, 0.376708, 0.4463225, 0.46433762],
            [0.00415871, 0.00178069, 0.00231999, 0.00239322, 0.00249258, 0.00252867, 0.00256585, 0.00265706, 0.00279093, 0.00288754, 0.00299618, 0.00311813, 0.00330088, 0.00388059, 0.00380146, 0.00374985, 0.00421471, 0.00355609, 0.00392099, 0.00336104, 0.00556814, 0.00827925, 0.0105479 , 0.01949797, 0.03171395, 0.04511594, 0.03705408, 0.0470884 , 0.05096753, 0.07374234, 0.09050898],
            [0.3 ,  0.6 ,  0.9 ,  1.1 ,  1.3 ,  1.5 ,  1.7 ,  1.9 ,  2.1 , 2.3 ,  2.5 ,  2.7 ,  2.9 ,  3.1 ,  3.3 ,  3.5 ,  3.7 ,  3.9 , 4.25,  4.75,  5.25,  5.75,  6.25,  6.75,  7.25,  7.75,  8.5 , 9.5 , 11.0  , 13.5 , 17.5]    
        ]
}

