{
    "#eta": [
        {
            "#chi^{2}/ndf": 1.7491638750549565,
            "Ae": 999992.9399606715,
            "dAe": 857809.7955344422,
            "Te": 0.15321589368743393,
            "dTe": 0.014336324952811768,
            "A": 230.0023626179981,
            "dA": 274.5508224872573,
            "T": 1.1982450033030416,
            "dT": 0.3085809436300622,
            "n": 3.5694934158291485,
            "dn": 0.29742738856301326,
            "M": 0.547862,
            "dM": 0.0,
            "energy": 2.76
        },
        {
            "#chi^{2}/ndf": 0.7803574320541791,
            "Ae": 10780.74485708308,
            "dAe": 16757.61726306324,
            "Te": 0.32979207006958755,
            "dTe": 0.10460851262005964,
            "A": 41.04489747963625,
            "dA": 76.63788637263247,
            "T": 1.9961491150734005,
            "dT": 0.8950467039800758,
            "n": 4.314324057136774,
            "dn": 1.6127895132050405,
            "M": 0.547862,
            "dM": 0.0,
            "energy": 7.0
        },
        {
            "#chi^{2}/ndf": 0.42138086730352364,
            "Ae": 0.19672026874140158,
            "dAe": 133459.31856953498,
            "Te": 0.16966838051639593,
            "dTe": 0.02941659295430782,
            "A": 2536.8732480622325,
            "dA": 1447.6191467338306,
            "T": 0.830753682602527,
            "dT": 0.10450078551455279,
            "n": 3.0642750240619945,
            "dn": 0.07555418646702493,
            "M": 0.547862,
            "dM": 0.0,
            "energy": 8.0
        },
        {
            "#chi^{2}/ndf": 1.0321586490324668,
            "Ae": 3584.1604376272708,
            "dAe": 2107.6137568940003,
            "Te": 0.4421749229017439,
            "dTe": 0.06475232821974881,
            "A": 9.808599092830939,
            "dA": 19.04023791171605,
            "T": 2.5955420373459446,
            "dT": 1.4930373386297997,
            "n": 3.346579983842524,
            "dn": 1.4178794392567917,
            "M": 0.547862,
            "dM": 0.0,
            "energy": 13.0
        }
    ],
    "#pi^{0}": [
        {
            "#chi^{2}/ndf": 0.39342381358707335,
            "Ae": 347710.28954416513,
            "dAe": 111237.97134456038,
            "Te": 0.15306811429972952,
            "dTe": 0.02257885205815006,
            "A": 35717.70744180723,
            "dA": 11318.896541799744,
            "T": 0.5945662083200343,
            "dT": 0.03973000174462635,
            "n": 3.0978690815933367,
            "dn": 0.03771584100086943,
            "M": 0.134976,
            "dM": 0.0,
            "energy": 7.0
        },
        {
            "#chi^{2}/ndf": 0.7488840283676651,
            "Ae": 126773.92609612644,
            "dAe": 48289.29493383318,
            "Te": 0.208834394465738,
            "dTe": 0.025766114435782195,
            "A": 654.0459979451858,
            "dA": 727.5132101077313,
            "T": 1.1505971501482966,
            "dT": 0.29068125304592185,
            "n": 5.251039839989454,
            "dn": 1.4189441087254673,
            "M": 0.134976,
            "dM": 0.0,
            "energy": 0.9
        },
        {
            "#chi^{2}/ndf": 0.4828472641340962,
            "Ae": 269492.53902448714,
            "dAe": 155260.0045534894,
            "Te": 0.14069501510212945,
            "dTe": 0.031119104583164244,
            "A": 26551.466879730084,
            "dA": 9150.109607534147,
            "T": 0.570352909279144,
            "dT": 0.03952697985166312,
            "n": 3.2362576848026365,
            "dn": 0.03689924220810398,
            "M": 0.134976,
            "dM": 0.0,
            "energy": 2.76
        },
        {
            "#chi^{2}/ndf": 0.2534164153771786,
            "Ae": 618148.6425882727,
            "dAe": 271093.18639247864,
            "Te": 0.14329415308670185,
            "dTe": 0.023820774835840296,
            "A": 37016.28789981591,
            "dA": 11897.0473694292,
            "T": 0.5946232293178612,
            "dT": 0.03952197792381645,
            "n": 3.0263829987809774,
            "dn": 0.026665764967561657,
            "M": 0.134976,
            "dM": 0.0,
            "energy": 8.0
        },
        {
            "#chi^{2}/ndf": 0.5684246459456519,
            "Ae": -136422.8731393367,
            "dAe": 123824.21249492466,
            "Te": 0.2532737162111245,
            "dTe": 0.025116751080022728,
            "A": 78212.61594446826,
            "dA": 86712.89796565335,
            "T": 0.5036713986374817,
            "dT": 0.11133085108773594,
            "n": 2.902233634399561,
            "dn": 0.05104188888192089,
            "M": 0.134976,
            "dM": 0.0,
            "energy": 13.0
        }
    ]
}