{
    "#eta": [
        {
            "#chi^{2}/ndf": 0.7116528243874053,
            "Ae": 16029.976217057207,
            "dAe": 13985.980953819257,
            "Te": 0.16961542640308777,
            "dTe": 0.05509174601224773,
            "A": 644.6834112078247,
            "dA": 552.0787173038943,
            "T": 0.9682705973387609,
            "dT": 0.17522524416469532,
            "n": 3.3884210404859294,
            "dn": 0.15738118568536297,
            "M": 0.547862,
            "dM": 0.0,
            "energy": 2.76
        },
        {
            "#chi^{2}/ndf": 0.8396466836525733,
            "Ae": 997401.0836259013,
            "dAe": 968547.1203643546,
            "Te": 0.029923931419630744,
            "dTe": 0.01205654650645029,
            "A": 6366.436757400229,
            "dA": 1640.4535932426634,
            "T": 0.6656970772308781,
            "dT": 0.04774343410753029,
            "n": 3.0280798246879157,
            "dn": 0.10499601544096146,
            "M": 0.547862,
            "dM": 0.0,
            "energy": 7.0
        },
        {
            "#chi^{2}/ndf": 0.3425957886429586,
            "Ae": 999900.7287473726,
            "dAe": 780644.187706781,
            "Te": 0.0401247952540689,
            "dTe": 0.013076081089652707,
            "A": 3271.5445121087596,
            "dA": 768.4711834435586,
            "T": 0.7902489003080088,
            "dT": 0.04159723033404805,
            "n": 3.0517818720956784,
            "dn": 0.03226242368791338,
            "M": 0.547862,
            "dM": 0.0,
            "energy": 8.0
        },
        {
            "#chi^{2}/ndf": 1.2228102855974028,
            "Ae": 9840.302558475289,
            "dAe": 4191.114000597074,
            "Te": 0.2999999999617145,
            "dTe": 0.028325656882302347,
            "A": 14128.409216900951,
            "dA": 8363.027341601908,
            "T": 0.4788921464019995,
            "dT": 0.059902078214431415,
            "n": 2.5128033470897226,
            "dn": 0.07486544700222623,
            "M": 0.547862,
            "dM": 0.0,
            "energy": 13.0
        }
    ],
    "#pi^{0}": [
        {
            "#chi^{2}/ndf": 0.4208710498062317,
            "Ae": 334587.46889546764,
            "dAe": 95565.91437497886,
            "Te": 0.15963670192826981,
            "dTe": 0.02074800936099498,
            "A": 31087.335689659147,
            "dA": 9828.05380648206,
            "T": 0.6133186158830981,
            "dT": 0.039996670728024375,
            "n": 3.119744130761459,
            "dn": 0.035473841641601125,
            "M": 0.134976,
            "dM": 0.0,
            "energy": 7.0
        },
        {
            "#chi^{2}/ndf": 0.9121936202403789,
            "Ae": 182163.95526619352,
            "dAe": 58403.17826142746,
            "Te": 0.1793612524485649,
            "dTe": 0.014257006546785356,
            "A": 2652.527027774967,
            "dA": 347.6315832362572,
            "T": 0.8399999991917089,
            "dT": 0.1099041921560786,
            "n": 4.1413945815494895,
            "dn": 0.17658934946466334,
            "M": 0.134976,
            "dM": 0.0,
            "energy": 0.9
        },
        {
            "#chi^{2}/ndf": 0.6077341361129922,
            "Ae": 319533.3966907506,
            "dAe": 223965.8429965441,
            "Te": 0.12704092327384958,
            "dTe": 0.02889124168470468,
            "A": 32737.038586631897,
            "dA": 7820.034909074213,
            "T": 0.5446120390925075,
            "dT": 0.026019321408433493,
            "n": 3.2016763465223965,
            "dn": 0.022579746424997722,
            "M": 0.134976,
            "dM": 0.0,
            "energy": 2.76
        },
        {
            "#chi^{2}/ndf": 0.3712472858212299,
            "Ae": 566195.2934395184,
            "dAe": 213464.12322894688,
            "Te": 0.1499356665224206,
            "dTe": 0.020601933618815974,
            "A": 32821.4213717505,
            "dA": 9206.307623753628,
            "T": 0.6101572722623649,
            "dT": 0.03430647534583264,
            "n": 3.037739782547962,
            "dn": 0.018774501521210768,
            "M": 0.134976,
            "dM": 0.0,
            "energy": 8.0
        },
        {
            "#chi^{2}/ndf": 0.7875616267988369,
            "Ae": -22461.63356264682,
            "dAe": 23209.976059899895,
            "Te": 0.1999999963220979,
            "dTe": 0.03785938541580984,
            "A": 9578.873876995467,
            "dA": 2090.387723944032,
            "T": 0.758746182089284,
            "dT": 0.03873065384958413,
            "n": 2.983549205886129,
            "dn": 0.03536992633727851,
            "M": 0.134976,
            "dM": 0.0,
            "energy": 13.0
        }
    ]
}