{
    "#eta": {
        "pp 13 TeV": {
            "dA": 8348.29183144338,
            "dAe": 9650.575700365718,
            "dM": 0.0,
            "dT": 0.0600399062396765,
            "dTe": 0.027855321206308653,
            "dn": 0.07485337113831105,
            "#chi^{2}/ndf": 1.2228103171378837,
            "A": 14093.282001663216,
            "Ae": 9841.964912528829,
            "M": 0.547862,
            "T": 0.47915318233003407,
            "Te": 0.29999999998659027,
            "energy": 13,
            "n": 2.5128656169506653
        },
        "pp 2.76 TeV": {
            "dA": 419.1499013412154,
            "dAe": 7879.838042336274,
            "dM": 0.0,
            "dT": 0.18038401971818357,
            "dTe": 0.02695295390566839,
            "dn": 0.1633479689801259,
            "#chi^{2}/ndf": 0.7644115711956964,
            "A": 510.26544614492326,
            "Ae": 9999.999997494571,
            "M": 0.547862,
            "T": 1.0146542576108235,
            "Te": 0.19871062704057593,
            "energy": 2.760,
            "n": 3.418066084240014
        },
        "pp 7 TeV": {
            "dA": 680.0308323676287,
            "dAe": 1971.4096357337176,
            "dM": 0.0,
            "dT": 0.2815192007546323,
            "dTe": 0.03606775268537879,
            "dn": 0.30729208017248233,
            "#chi^{2}/ndf": 0.7118962032089433,
            "A": 611.5859677891636,
            "Ae": 6635.347822278245,
            "M": 0.547862,
            "T": 1.0661965675593608,
            "Te": 0.29999999998310506,
            "energy": 7,
            "n": 3.2274757517608825
        },
        "pp 8 TeV": {
            "dA": 1.4142066254888623,
            "dAe": 7030.073490899404,
            "dM": 0.0,
            "dT": 0.00853549421055998,
            "dTe": 0.14953609963112918,
            "dn": 0.02375758340682137,
            "#chi^{2}/ndf": 0.3522674399357909,
            "A": 3366.05609803776,
            "Ae": 0.012627595052938645,
            "M": 0.547862,
            "T": 0.7854032906940898,
            "Te": 0.29872127378387014,
            "energy": 8,
            "n": 3.0493535917100605
        }
    },
    "#pi^{0}": {
        "pp 13 TeV": {
            "dA": 94264.84364592102,
            "dAe": 123487.81891754453,
            "dM": 0.0,
            "dT": 0.09342923267355968,
            "dTe": 0.02134912325143702,
            "dn": 0.04325794155167961,
            "#chi^{2}/ndf": 0.5885516019227219,
            "A": 93664.95109993135,
            "Ae": -158285.0017443627,
            "M": 0.134976,
            "T": 0.4841812597523991,
            "Te": 0.24808684756854327,
            "energy": 13,
            "n": 2.8873164950345767
        },
        "pp 2.76 TeV": {
            "dA": 7840.368564160191,
            "dAe": 224324.2497661049,
            "dM": 0.0,
            "dT": 0.026059701128401114,
            "dTe": 0.028525146758574635,
            "dn": 0.022609205801795262,
            "#chi^{2}/ndf": 0.6077341132723908,
            "A": 32734.65623398734,
            "Ae": 319432.0574646739,
            "M": 0.134976,
            "T": 0.5446181304104211,
            "Te": 0.12705344530927343,
            "energy": 2.760,
            "n": 3.2016721398813983
        },
        "pp 7 TeV": {
            "dA": 10112.176450759072,
            "dAe": 98409.99159325555,
            "dM": 0.0,
            "dT": 0.041289288577084415,
            "dTe": 0.021666229535387452,
            "dn": 0.03691457131435105,
            "#chi^{2}/ndf": 0.4208710644380936,
            "A": 31090.239995171967,
            "Ae": 334563.89822725544,
            "M": 0.134976,
            "T": 0.6133063015003075,
            "Te": 0.1596350672167063,
            "energy": 7,
            "n": 3.119733740068467
        },
        "pp 8 TeV": {
            "dA": 9155.14216088705,
            "dAe": 210884.81438183194,
            "dM": 0.0,
            "dT": 0.034093418480359516,
            "dTe": 0.020612201287989643,
            "dn": 0.018630752072621437,
            "#chi^{2}/ndf": 0.3712472860709016,
            "A": 32822.00611882804,
            "Ae": 566198.4306988445,
            "M": 0.134976,
            "T": 0.610154792620442,
            "Te": 0.14993530204459576,
            "energy": 8,
            "n": 3.0377379632027086
        },
        "pp 900 TeV": {
            "dA": 1607.0392719889169,
            "dAe": 76371.44831646993,
            "dM": 0.0,
            "dT": 0.06862116973187465,
            "dTe": 0.022889478109480013,
            "dn": 0.23561378617423268,
            "#chi^{2}/ndf": 0.9624298188939239,
            "A": 3105.887467237564,
            "Ae": 182804.37643611856,
            "M": 0.134976,
            "T": 0.804998992675413,
            "Te": 0.17776491185461948,
            "energy": 0.9,
            "n": 3.9999999905208004
        }
    }
}
