{
    "#eta": [
        {
            "#chi^{2}/ndf": 0.8294133728663594,
            "Ae": 15112.61031063793,
            "dAe": 13062.243277911557,
            "Te": 0.17527871976078516,
            "dTe": 0.059270417830265966,
            "A": 564.0565036684752,
            "dA": 543.2170297708094,
            "T": 0.9993352136483793,
            "dT": 0.21079631658751183,
            "n": 3.4243880212301305,
            "dn": 0.20151357045031817,
            "M": 0.547862,
            "dM": 0.0,
            "energy": 2.76
        },
        {
            "#chi^{2}/ndf": 0.8396466150823203,
            "Ae": 998553.7288204865,
            "dAe": 672853.0725847373,
            "Te": 0.02991828121294803,
            "dTe": 0.011117303154189434,
            "A": 6366.65097262934,
            "dA": 1640.730342604868,
            "T": 0.6656959306671374,
            "dT": 0.047796047730579556,
            "n": 3.028095496581584,
            "dn": 0.10500709055568964,
            "M": 0.547862,
            "dM": 0.0,
            "energy": 7.0
        },
        {
            "#chi^{2}/ndf": 0.4093588740267236,
            "Ae": 999966.301862367,
            "dAe": 585123.8260517903,
            "Te": 0.039618768982004976,
            "dTe": 0.013103111082833034,
            "A": 3396.204507112033,
            "dA": 898.1544786682559,
            "T": 0.7818462938892973,
            "dT": 0.049465964615568646,
            "n": 3.039941141993001,
            "dn": 0.051333093863296986,
            "M": 0.547862,
            "dM": 0.0,
            "energy": 8.0
        },
        {
            "#chi^{2}/ndf": 1.0321586490324668,
            "Ae": 3584.1604376272708,
            "dAe": 2107.6137568940003,
            "Te": 0.4421749229017439,
            "dTe": 0.06475232821974881,
            "A": 9.808599092830939,
            "dA": 19.04023791171605,
            "T": 2.5955420373459446,
            "dT": 1.4930373386297997,
            "n": 3.346579983842524,
            "dn": 1.4178794392567917,
            "M": 0.547862,
            "dM": 0.0,
            "energy": 13.0
        }
    ],
    "#pi^{0}": [
        {
            "#chi^{2}/ndf": 0.39342381358892015,
            "Ae": 347710.29868104483,
            "dAe": 104879.84447320293,
            "Te": 0.1530681124228108,
            "dTe": 0.021521069547479815,
            "A": 35717.70828069386,
            "dA": 10845.38096170421,
            "T": 0.5945662053136022,
            "dT": 0.03817898241989072,
            "n": 3.09786907951629,
            "dn": 0.036458731195938704,
            "M": 0.134976,
            "dM": 0.0,
            "energy": 7.0
        },
        {
            "#chi^{2}/ndf": 0.7488841090386096,
            "Ae": 126761.26682806082,
            "dAe": 48044.06919871922,
            "Te": 0.20884048961271853,
            "dTe": 0.02561301363117301,
            "A": 654.0129650626518,
            "dA": 722.8670263731444,
            "T": 1.1506015264404699,
            "dT": 0.2889398667391934,
            "n": 5.2511781635127175,
            "dn": 1.4122683380809922,
            "M": 0.134976,
            "dM": 0.0,
            "energy": 0.9
        },
        {
            "#chi^{2}/ndf": 0.4828472640926502,
            "Ae": 269490.45490722894,
            "dAe": 150517.88664608033,
            "Te": 0.1406951117737704,
            "dTe": 0.029905967357921965,
            "A": 26551.531994834222,
            "dA": 8700.091259099458,
            "T": 0.5703525786827135,
            "dT": 0.03764463404699058,
            "n": 3.236257469065381,
            "dn": 0.035619529591320455,
            "M": 0.134976,
            "dM": 0.0,
            "energy": 2.76
        },
        {
            "#chi^{2}/ndf": 0.25341641540519466,
            "Ae": 618148.0757567878,
            "dAe": 270352.056778319,
            "Te": 0.1432942341047334,
            "dTe": 0.02375567367090948,
            "A": 37016.22861035179,
            "dA": 11876.366518714736,
            "T": 0.5946234323142645,
            "dT": 0.03945660086352803,
            "n": 3.026383127932538,
            "dn": 0.026639430555885427,
            "M": 0.134976,
            "dM": 0.0,
            "energy": 8.0
        },
        {
            "#chi^{2}/ndf": 0.5684246425901902,
            "Ae": -136462.41643902424,
            "dAe": 124673.69162563882,
            "Te": 0.25326505859206194,
            "dTe": 0.025281109196965558,
            "A": 78238.7801051577,
            "dA": 87302.03967958537,
            "T": 0.5036363804674888,
            "dT": 0.1120502760276934,
            "n": 2.9022121666668546,
            "dn": 0.05132532508730035,
            "M": 0.134976,
            "dM": 0.0,
            "energy": 13.0
        }
    ]
}