{
    "#pi^{0}": {
        "pp 0.9 TeV": {
            "A": 1.5e5,
            "dA": 0.3,
            "C": 0.132,
            "dC": 0.015,
            "n": 7.8,
            "dn": 0.5,
            "M":  0.134976,
            "energy": 0.9,
            "particle": "#pi^{0}"
        },
        "pp 2.76 TeV": {
            "A": 1.7e5,
            "dA": 0.7,
            "C": 0.135,
            "dC": 0.029,
            "n": 7.1,
            "dn": 0.7,
            "M":  0.134976,
            "energy": 2.76,
            "particle": "#pi^{0}"
        },
        "pp 7 TeV": {
            "A": 2.4e5,
            "dA": 0.15,
            "C": 0.139,
            "dC": 0.004,
            "n": 6.88,
            "dn": 0.07,
            "M":  0.134976,
            "energy": 7.0,
            "particle": "#pi^{0}"
        },
        "pp 8 TeV": {
            "A": 2.46e5,
            "dA": 0.18,
            "C": 0.121,
            "dC": 0.004,
            "n": 6.465,
            "dn": 0.042,
            "M":  0.134976,
            "energy": 8.0,
            "particle": "#pi^{0}"
        },
        "pp 13 TeV": {
            "A": 1.1e+05,
            "dA": 4.55e+04,
            "C": 0.156,
            "dC": 0.0271,
            "n": 6.58,
            "dn": 0.278,
            "M":  0.134976,
            "energy": 13.0,
            "particle": "#pi^{0}"
        }
    },
    "#eta": {
        "pp 2.76 TeV": {
            "A": 6.57e+03,
            "dA": 497,
            "C": 0.219,
            "dC": 0.0119,
            "n": 6.89,
            "dn": 0.0359,
            "M": 0.548,
            "dM": 0,
            "energy": 2.76,
            "Chi": 1.94
        },
        "pp 7 TeV": {
            "A": 0.21,
            "dA": 0.03,
            "C": 0.229,
            "dC": 0.021,
            "n": 7.0,
            "dn": 0.5,
            "M": 0.547862,
            "energy": 7.0,
            "particle": "#eta"
        },
        "pp 8 TeV": {
            "A": 1.56,
            "C": 0.221,
            "dC": 0.012,
            "dA": 0.19,
            "n": 6.56,
            "dn": 0.113,
            "M": 0.547862,
            "energy": 8.0,
            "particle": "#eta"
        },
        "pp 13 TeV": {
            "A": 7230.530,
            "dA": 3301.915,
            "T": 0.254,
            "dT": 0.050,
            "n": 6.030,
            "dn": 0.692,
            "M": 0.548,
            "dM": 0.000,
            "Chi": 1.91,
            "energy": 13.0,
            "Chi": 1.7
        }
    }
}
