{
    "pp 7 TeV": {
        "A": 2.4e5,
        "dA": 0.15,
        "C": 0.139,
        "dC": 0.004,
        "n": 6.88,
        "dn": 0.07,
        "M":  0.134976,
        "energy": 7.0,
        "particle": "#pi^{0}"
    },
    "pp 0.9 TeV": {
        "A": 1.5e5,
        "dA": 0.3,
        "C": 0.132,
        "dC": 0.015,
        "n": 7.8,
        "dn": 0.5,
        "M":  0.134976,
        "energy": 0.9,
        "particle": "#pi^{0}"
    },
    "pp 2.76 TeV": {
        "A": 1.7e5,
        "dA": 0.7,
        "C": 0.135,
        "dC": 0.029,
        "n": 7.1,
        "dn": 0.7,
        "M":  0.134976,
        "energy": 2.76,
        "particle": "#pi^{0}"
    },
    "pp 8 TeV": {
        "A": 2.46e5,
        "dA": 0.18,
        "C": 0.121,
        "dC": 0.004,
        "n": 6.465,
        "dn": 0.042,
        "M":  0.134976,
        "energy": 8.0,
        "particle": "#pi^{0}"
    },
    "pp 13 TeV": {
        "A": 0.762446e6,
        "dA": 0.416667e5,
        "C": 2.81700e-01,
        "dC": 1.33761e-03,
        "n": 8.67731e+00,
        "dn": 4.40709e-02,
        "M":  0.134976,
        "energy": 13.0,
        "particle": "#pi^{0}"
    }
}
